Player,Position,Games,Win rate,KDA,CSM,GPM,KP%,DMG%,DPM,GD@15,FB %
Khan,TOP,141,67.4%,3.5,8.5,406,58.4%,25.1,445,118,29.8%
Teddy,ADC,141,67.4%,7.5,10.6,465,62.0%,29.2,523,54,19.1%
Faker,MID,140,67.9%,4.1,9,409,59.9%,25.4,446,162,27.1%
Clid,JUNGLE,137,68.6%,5.1,5.2,339,71.9%,13.3,240,189,52.6%
ShowMaker,MID,127,59.8%,5.5,9,413,68.3%,23.9,429,124,10.2%
Nuclear,ADC,126,59.5%,5.2,9.7,439,67.2%,24.5,436,-116,14.3%
JackeyLove,ADC,125,64%,4.2,9.5,463,62.4%,26.0,575,60,2.4%
Baolan,SUPPORT,119,64.7%,3.4,1.4,261,64.9%,8.4,183,-295,3.4%
RooKie,MID,116,63.8%,3.9,8.1,403,63.3%,26.5,590,173,4.3%
TheShy,TOP,114,64%,2.7,8.2,415,54.6%,26.2,566,680,4.4%
Canyon,JUNGLE,112,59.8%,3.6,5,327,70.1%,15.0,276,-75,24.1%
Nuguri,TOP,112,61.6%,2.8,9.3,437,61.7%,29.7,538,257,13.4%
Chovy,MID,110,70.9%,6.8,9.9,427,59.8%,23.7,411,406,28.2%
Crisp,SUPPORT,110,77.3%,4.7,1.6,282,66.6%,7.9,148,368,8.2%
GimGoon,TOP,110,77.3%,5,7.5,389,55.3%,22.3,412,-148,8.2%
Lwx,ADC,110,77.3%,5.7,9.7,471,64.0%,26.7,506,606,4.5%
Tarzan,JUNGLE,110,70.9%,6.3,5.5,345,71.8%,15.6,269,343,52.7%
Viper,ADC,110,70.9%,7.6,10.4,462,63.5%,28.2,483,368,35.5%
Cuzz,JUNGLE,109,58.7%,3.8,5.4,339,67.9%,15.8,277,158,39.4%
Deft,ADC,109,58.7%,4.4,9.7,441,69.6%,33.0,588,138,20.2%
Doinb,MID,109,77.1%,5.5,9.1,441,69.8%,25.7,471,195,9.2%
Lehends,SUPPORT,109,70.6%,6.4,1.8,274,67.6%,10.2,180,354,33%
Rascal,TOP,109,58.7%,3.1,8.3,392,59.6%,21.2,369,-275,27.5%
TusiN,SUPPORT,109,58.7%,3.8,1.6,262,67.6%,8.1,140,137,23.9%
Humanoid,MID,108,60.2%,2.8,9.4,426,56.9%,26.2,512,174,16.7%
Ning,JUNGLE,108,63.9%,3.2,5.4,367,66.4%,14.3,318,66,7.4%
Tian,JUNGLE,108,77.8%,4.9,5.1,355,69.2%,17.5,330,509,10.2%
BigKoro,ADC,107,56.1%,4.3,9.3,445,60.1%,25.1,472,350,26.2%
Naul,MID,107,56.1%,4.6,8.9,408,59.1%,24.9,465,214,15%
Palette,SUPPORT,107,56.1%,3.5,1.7,267,66.6%,9.9,180,333,27.1%
Yagao,MID,101,49.5%,3.4,8.2,388,70.2%,27.4,498,522,0%
Dove,MID,99,57.6%,4,8.7,391,68.7%,25.8,445,-15,18.2%
Ghost,ADC,99,57.6%,3.9,9.7,430,64.4%,25.9,458,-75,14.1%
Joker,SUPPORT,99,57.6%,2.3,1.9,262,64.8%,8.6,147,41,17.2%
Kiin,TOP,98,42.9%,2.6,8.6,392,59.2%,25.0,410,269,20.4%
Knight9,MID,98,63.3%,4.9,9.3,430,67.4%,28.9,539,171,0%
LokeN,ADC,98,63.3%,4.8,9.1,435,62.6%,24.8,469,-108,0%
LvMao,SUPPORT,98,51%,2.7,1.4,260,70.2%,9.1,166,-90,1%
OnFleek,JUNGLE,98,58.2%,3.2,5.5,335,69.6%,13.4,230,8,34.7%
Summit,TOP,98,58.2%,2.7,8.8,399,62.6%,26.2,451,240,20.4%
Zoom,TOP,98,49%,3.2,8.5,406,59.4%,23.5,437,-438,1%
Bdd,MID,97,38.1%,3.6,8.6,384,70.2%,26.6,423,69,26.8%
Life,SUPPORT,97,46.4%,3.4,1.5,255,72.1%,9.0,136,-12,33%
Ruler,ADC,97,46.4%,4.8,10.4,454,74.6%,33.6,525,167,34%
Lucker,ADC,96,54.2%,4,9.4,444,68.2%,30.8,583,12,21.9%
imp,ADC,95,49.5%,3.5,9,423,65.9%,26.3,484,-400,1.1%
Erdote,SUPPORT,94,59.6%,3.7,1.6,256,68.5%,8.4,154,-134,25.5%
Peanut,JUNGLE,94,46.8%,3.1,5.2,311,64.6%,10.7,167,-8,38.3%
Dread,JUNGLE,93,45.2%,2.5,4.9,318,68.2%,13.3,219,-15,37.6%
Karsa,JUNGLE,93,61.3%,3.9,4.8,335,75.3%,14.2,252,-98,3.2%
KeY,SUPPORT,93,45.2%,2.8,1.6,248,69.6%,7.9,122,60,19.4%
Ming,SUPPORT,93,61.3%,4,1.4,272,72.3%,9.5,169,469,1.1%
Route,ADC,93,16.1%,2.4,9.9,417,65.1%,29.8,458,-16,19.4%
Sangyoon,ADC,93,45.2%,4.3,10.1,433,64.4%,29.9,475,-112,15.1%
SnowFlower,SUPPORT,93,37.6%,2.4,1.7,245,65.0%,9.1,139,-76,26.9%
xiaohu,MID,93,61.3%,4.5,8.2,393,67.2%,26.0,464,-492,2.2%
Jankos,JUNGLE,92,69.6%,4.3,5.1,351,65.6%,15.3,309,203,37%
Wunder,TOP,92,69.6%,3.3,8.3,408,49.2%,22.5,454,257,18.5%
Xx,JUNGLE,92,63%,3.9,4.8,329,68.6%,13.3,244,352,2.2%
3z,TOP,91,54.9%,2.6,8.3,387,51.9%,22.2,379,-23,17.6%
Caps,MID,91,69.2%,3.7,8.3,423,61.3%,26.3,520,307,19.8%
Kaiwing,SUPPORT,91,54.9%,4.4,1.6,273,66.7%,9.5,173,177,24.2%
Perkz,ADC,91,69.2%,4.6,9.7,464,60.5%,26.1,521,359,29.7%
Artifact,MID,90,54.4%,3.3,8.6,415,61.4%,28.5,520,229,18.9%
BeryL,SUPPORT,90,64.4%,3.5,1.9,261,68.6%,8.3,154,-28,14.4%
Celebrity,ADC,90,54.4%,3.9,9.1,443,62.5%,25.3,458,94,20%
Venus,SUPPORT,90,54.4%,3,1.3,256,64.9%,9.5,169,-1,20%
YiJin,JUNGLE,90,56.7%,3.4,5.3,357,73.2%,16.6,308,160,41.1%
Betty,ADC,89,48.3%,5.2,9.2,434,72.3%,29.0,496,123,25.8%
DNK,JUNGLE,89,55.1%,3.5,4.9,343,68.1%,17.8,324,15,39.3%
Hanabi,TOP,89,48.3%,3.3,8.6,395,57.5%,21.5,369,44,13.5%
Mata,SUPPORT,89,61.8%,3.9,1.6,254,62.7%,6.9,119,-17,24.7%
Mikyx,SUPPORT,89,70.8%,3.7,1.2,269,64.3%,9.8,199,89,31.5%
ShiauC,SUPPORT,89,48.3%,3.5,1.6,250,72.8%,8.5,143,38,27%
Ziv,TOP,89,50.6%,3.1,8.1,381,56.5%,25.5,430,-169,13.5%
Meliodas,JUNGLE,88,59.1%,4.4,5.1,343,68.7%,14.1,265,-61,39.8%
Uzi,ADC,88,62.5%,5.3,10.5,479,69.5%,31.5,561,559,1.1%
Agresivoo,TOP,87,59.8%,3.3,8.6,408,56.8%,22.1,415,367,19.5%
Sword,TOP,87,73.6%,3.6,8.7,401,53.5%,21.6,379,121,20.7%
Zeros,TOP,87,66.7%,3,9.2,445,56.9%,26.4,519,714,21.8%
Mission,MID,86,57%,3.2,8.8,411,66.0%,27.0,470,2,22.1%
Optimus,MID,86,57%,3.4,8.5,402,59.8%,26.5,498,-119,27.9%
bono,JUNGLE,85,47.1%,2.6,4.4,297,69.6%,12.8,202,-197,37.6%
369,TOP,84,65.5%,3,8.3,404,56.1%,24.3,451,1334,2.4%
ADD,TOP,84,56%,3.2,7.6,377,60.4%,24.1,466,-,0%
Aiming,ADC,84,45.2%,4.2,9.7,441,69.2%,32.2,532,63,19%
CoreJJ,SUPPORT,84,66.7%,4.5,1.7,261,71.9%,8.2,149,247,26.2%
Doublelift,ADC,84,66.7%,5.1,9.5,448,70.6%,28.3,533,152,23.8%
Impact,TOP,84,66.7%,3.4,7.8,387,57.5%,24.9,458,-11,17.9%
Jensen,MID,84,66.7%,4.5,8.8,408,65.4%,26.8,493,-28,17.9%
Meteor,JUNGLE,84,56%,4,5.5,348,71.1%,15.1,299,-,0%
Xmithie,JUNGLE,84,66.7%,3.9,5.1,328,69.7%,11.8,217,-87,32.1%
delord,SUPPORT,84,59.5%,3.4,1.3,258,65.7%,8.3,165,15,28.6%
jinjiao,ADC,84,56%,4.5,9.7,443,67.8%,28.1,561,-,0%
kurO,MID,84,56%,4.9,8.4,393,65.0%,25.1,490,-,0%
Matislaw,MID,83,51.8%,4.8,8.7,401,63.9%,28.4,535,158,19.3%
Scout,MID,83,56.6%,4.4,8.6,405,64.7%,26.4,485,-,0%
meiko,SUPPORT,83,56.6%,4.1,1.5,267,70.3%,9.2,166,-,0%
Ben,SUPPORT,82,63.4%,3.9,1.4,265,63.9%,8.6,156,-403,0%
Dan Dan,TOP,82,61%,2.7,8.5,413,46.0%,21.0,440,170,8.5%
K,SUPPORT,82,50%,3.9,1.5,244,68.4%,9.1,151,-118,25.6%
Uniboy,MID,82,50%,4.3,8.4,381,70.2%,26.3,442,-290,28%
Alex,JUNGLE,81,54.3%,4.6,5.2,333,71.8%,13.3,238,135,49.4%
Asura,ADC,81,45.7%,3.9,9.6,441,64.0%,30.0,534,-,0%
Cody Sun,ADC,81,44.4%,5.1,9.6,441,69.1%,30.8,563,127,13.6%
Flandre,TOP,81,45.7%,2.7,8.6,395,57.0%,23.7,416,-,0%
Rather,MID,81,48.1%,3.5,8.9,394,67.9%,27.3,445,-11,13.6%
SofM,JUNGLE,81,45.7%,3.3,5.1,323,70.1%,14.8,257,-,0%
Jinoo,TOP,80,48.8%,3,8.1,394,56.5%,24.7,436,-,0%
Kongyue,JUNGLE,80,51.3%,3.5,5.3,334,74.1%,15.5,263,175,43.8%
Grace,MID,79,17.7%,2.2,8.5,358,63.0%,25.3,370,-318,21.5%
Inspired,JUNGLE,79,64.6%,4.4,5.5,350,67.5%,15.5,289,304,34.2%
Kashtelan,MID,79,59.5%,4.1,8.9,413,64.4%,28.8,531,381,22.8%
Puki Style,ADC,79,59.5%,4.5,9.4,441,63.2%,29.9,555,352,26.6%
Woolite,ADC,79,64.6%,4.6,9.1,452,66.8%,30.2,617,137,21.5%
Bwipo,TOP,78,65.4%,2.7,7.5,396,59.0%,24.3,470,34,24.4%
Damonte,MID,78,47.4%,3.5,8.6,387,63.7%,22.5,408,-108,17.9%
FoFo,MID,78,65.4%,5.9,8.8,408,68.8%,28.1,536,330,28.2%
Koala,SUPPORT,78,65.4%,3.4,1.4,255,68.3%,8.4,159,-20,24.4%
Kobbe,ADC,78,56.4%,5.3,10,466,67.1%,26.8,493,321,28.2%
LilV,ADC,78,65.4%,5.9,9.9,446,68.3%,27.7,532,160,16.7%
Neon,ADC,78,61.5%,3.6,9.3,456,61.5%,29.8,633,276,16.7%
Puff,ADC,78,29.5%,3.3,10.1,440,70.3%,31.2,536,-,0%
Rest,TOP,78,65.4%,3.2,8.5,406,57.4%,23.7,445,396,20.5%
Southwind,SUPPORT,78,29.5%,2.8,1.8,276,72.0%,9.7,160,-,0%
Tore,SUPPORT,78,56.4%,2.9,1.4,256,66.9%,8.4,149,137,30.8%
Xerxe,JUNGLE,78,56.4%,4.9,4.7,323,69.2%,14.7,266,98,42.3%
Breeze,ADC,77,51.9%,4.6,9.5,425,66.5%,28.5,490,-365,20.8%
Flawless,JUNGLE,77,54.5%,3,4.8,323,71.2%,12.6,232,-1082,0%
GALA,ADC,77,50.6%,4.3,9.7,440,62.8%,27.3,470,-,0%
Huni,TOP,77,46.8%,2.6,8.2,392,62.3%,28.6,514,278,28.6%
Hylissang,SUPPORT,77,64.9%,2.8,1.4,278,67.5%,11.3,221,138,33.8%
Lira,JUNGLE,77,46.8%,3.5,5.3,325,69.1%,11.1,200,246,41.6%
Twila,MID,77,50.6%,3.3,8.7,391,60.8%,26.1,449,-,0%
Ucal,MID,77,44.2%,2.8,8.4,377,64.0%,23.0,382,169,20.8%
Vizicsacsi,TOP,77,55.8%,2.8,7.7,385,58.8%,23.0,408,-118,22.1%
Vulcan,SUPPORT,77,46.8%,2.9,1.2,243,70.9%,8.3,150,-98,23.4%
Broxah,JUNGLE,76,65.8%,4.4,4.8,337,66.0%,14.8,280,68,39.5%
Mark,SUPPORT,76,50%,3.8,1.4,261,68.1%,8.2,139,-,0%
Missing,SUPPORT,76,52.6%,3.3,1.9,288,69.5%,11.1,212,-,0%
Nemesis,MID,76,65.8%,4.7,9,431,60.8%,25.8,494,174,21.1%
Rekkles,ADC,76,65.8%,5.1,9.9,459,62.9%,23.9,458,121,22.4%
Rybson,JUNGLE,76,51.3%,3,4.8,325,70.7%,13.9,256,-97,43.4%
Slayder,ADC,76,55.3%,4.8,10,477,62.1%,25.3,485,329,15.8%
seiya,MID,76,65.8%,4.5,8.7,403,60.4%,23.3,418,-27,15.8%
Buggax,TOP,75,66.7%,3,8.3,400,52.7%,24.2,435,140,20%
Crash,JUNGLE,75,57.3%,3.7,5.5,347,72.5%,14.0,247,254,40%
CuVee,TOP,75,48%,2.4,8.4,382,57.2%,23.7,366,-209,10.7%
Konektiv,TOP,75,62.7%,4.3,7.9,381,50.2%,18.3,342,121,10.7%
Kramer,ADC,75,36%,4.1,9.7,442,67.8%,30.7,558,-,0%
Oddie,JUNGLE,75,66.7%,4.4,5.2,343,73.3%,14.5,271,96,44%
Pk,TOP,75,45.3%,2.3,7.6,360,55.8%,22.8,371,-289,10.7%
Slow,SUPPORT,75,66.7%,5.3,1.6,264,70.6%,9.3,167,28,26.7%
Warangelus,ADC,75,66.7%,4.9,9.6,453,63.9%,28.6,525,287,21.3%
iBo,TOP,75,58.7%,3.1,8.1,398,57.8%,22.7,452,312,21.3%
Mystic,ADC,74,54.1%,3.7,9.8,461,67.3%,29.2,578,-,0%
Poss,TOP,74,52.7%,2.9,7.8,371,48.5%,19.3,358,-,0%
RonOP,SUPPORT,74,45.9%,2.6,1.3,239,59.7%,7.3,127,-163,12.2%
iBOY,ADC,74,59.5%,4.6,9.6,451,66.1%,28.9,536,-,0%
xiye,MID,74,54.1%,3.8,8.8,418,64.4%,26.2,506,-,0%
Lindarang,TOP,73,20.5%,1.6,8,355,53.7%,23.7,345,-249,12.3%
SwordArt,SUPPORT,73,46.6%,3.9,1.6,265,70.8%,8.8,160,-,0%
Ysera,SUPPORT,73,53.4%,3.4,1.4,245,66.6%,7.9,134,46,27.4%
Hana,JUNGLE,72,66.7%,3.7,4.9,319,67.5%,11.9,227,-144,37.5%
SmLz,ADC,72,47.2%,3.1,9.8,447,63.1%,31.6,597,-,0%
Stark,TOP,72,55.6%,2.4,8.4,402,51.1%,23.8,444,-1,19.4%
Bruce,ADC,71,46.5%,3.7,9.6,435,66.6%,31.0,519,13,25.4%
H1IVA,SUPPORT,71,64.8%,2.7,1.6,273,65.3%,9.2,200,122,21.1%
Y4,ADC,71,35.2%,3.3,8.8,422,63.3%,26.5,481,-,0%
AHaHaCiK,JUNGLE,70,67.1%,3.2,4.9,340,61.8%,15.7,294,243,47.1%
BOSS,TOP,70,67.1%,3.6,7.7,396,51.9%,20.0,373,488,24.3%
Lider,MID,70,62.9%,2.5,9.1,437,57.1%,25.0,519,289,22.9%
Nomanz,MID,70,67.1%,4.5,9.2,444,62.0%,30.3,577,299,24.3%
Wako,ADC,70,54.3%,4.4,9.7,441,70.1%,28.0,499,111,27.1%
Yoon,SUPPORT,70,45.7%,3.3,1.7,255,71.5%,8.1,130,52,28.6%
Malrang,JUNGLE,69,10.1%,2.5,4.6,292,74.0%,14.3,210,-324,36.2%
Sorn,JUNGLE,69,43.5%,2.8,5.1,340,68.8%,17.6,306,318,39.1%
Jay,MID,68,30.9%,2.5,8,370,62.2%,24.2,426,-,-
Kackos,TOP,68,36.8%,2.6,7.7,357,55.1%,20.4,362,-210,11.8%
Raxxo,SUPPORT,68,55.9%,3.5,1.2,254,71.1%,9.7,191,-32,14.7%
Ruin,TOP,68,69.1%,3.1,8.4,417,56.0%,26.1,505,449,20.6%
Unified,ADC,68,57.4%,4.4,9.6,438,64.7%,28.9,513,146,17.6%
ZWuJi,ADC,68,32.4%,3.7,9,414,66.9%,30.9,532,-,0%
Zanzarah,JUNGLE,68,57.4%,3.1,4.5,302,72.4%,10.3,196,-124,38.2%
Dia1,MID,67,52.2%,3.3,9.3,425,59.8%,27.5,488,225,16.4%
Xiaopeng,JUNGLE,67,49.3%,2.9,5.3,343,69.5%,15.9,281,-,0%
behave,JUNGLE,67,64.2%,4.2,4.9,336,68.6%,13.7,287,6,41.8%
beishang,JUNGLE,67,56.7%,3.7,5.2,338,67.6%,14.2,279,-,0%
Cinkrof,JUNGLE,66,59.1%,3,4.5,309,68.8%,12.4,232,-80,47%
Fly,MID,66,45.5%,2.9,8.1,353,60.6%,24.6,375,-227,15.2%
Jayke,SUPPORT,66,50%,3,1.1,251,63.8%,9.2,184,-98,25.8%
Maple,MID,66,48.5%,3.4,8.4,388,63.4%,24.4,454,-,0%
Swiffer,MID,66,50%,2.8,7.7,381,62.0%,25.6,501,-122,22.7%
Tally,TOP,66,50%,3.1,7.9,391,59.0%,21.9,436,-131,13.6%
icon,MID,66,28.8%,2.4,8.5,392,64.2%,27.8,459,-,0%
rare7,ADC,66,50%,3.6,9.2,436,63.1%,29.2,574,-109,24.2%
Bugi,JUNGLE,65,50.8%,3.7,5.1,326,71.3%,14.6,246,-124,32.3%
Envy,MID,65,53.8%,4.7,8.5,393,61.0%,23.3,405,182,18.5%
Naehyun,MID,65,53.8%,4.5,8.6,393,64.1%,21.9,377,-75,16.9%
RedBert,SUPPORT,65,55.4%,3.8,1.9,270,62.9%,9.7,167,138,21.5%
Score,JUNGLE,65,36.9%,2.8,4.7,306,70.3%,13.3,208,-52,41.5%
Shini,JUNGLE,65,55.4%,3.4,5.7,349,69.7%,17.5,313,269,44.6%
Spookz,JUNGLE,65,50.8%,2.8,4.9,330,67.4%,14.1,278,-63,38.5%
Zica,TOP,65,33.8%,1.9,8,383,54.4%,23.3,412,-240,10.8%
Bjergsen,MID,64,54.7%,5,8.7,394,66.1%,26.1,478,96,21.9%
Broken Blade,TOP,64,54.7%,2.9,8.1,384,58.0%,24.1,440,-97,25%
CBL,SUPPORT,64,50%,3,1.2,255,66.3%,9.0,166,-120,23.4%
Denyk,SUPPORT,64,67.2%,5,1.6,272,71.3%,7.7,136,-20,25%
Homi,SUPPORT,64,59.4%,4.7,1.1,255,80.4%,9.1,175,12,32.8%
Roison,MID,64,59.4%,6.3,8.8,405,74.6%,30.2,586,-111,25%
Smoothie,SUPPORT,64,54.7%,3.4,1.3,234,68.9%,7.4,134,-156,26.6%
Szygenda,TOP,64,59.4%,3.5,8.1,388,58.2%,23.4,443,70,14.1%
Venzer,ADC,64,59.4%,4.7,8.8,424,74.0%,27.1,529,-81,29.7%
Zven,ADC,64,54.7%,4.4,9.2,426,68.4%,29.5,556,62,21.9%
Aix,JUNGLE,63,31.7%,2.7,4.8,309,69.4%,13.1,224,-,-
Goku,MID,63,76.2%,4.1,8.2,392,59.3%,24.2,446,10,23.8%
Pyrka,SUPPORT,63,36.5%,2.8,1.4,253,66.0%,10.6,169,-65,17.5%
Robo,TOP,63,76.2%,3.2,7.9,393,55.9%,22.9,426,125,25.4%
Shrimp,JUNGLE,63,76.2%,4.4,5.9,375,73.8%,16.8,317,474,50.8%
Kellin,SUPPORT,62,9.7%,1.7,1.3,224,61.8%,8.9,133,-221,19.4%
Sebekx,MID,62,51.6%,3.6,8.7,404,62.1%,26.6,481,205,4.8%
Senan,SUPPORT,62,50%,2.2,1.3,234,58.4%,7.7,121,-101,17.7%
brTT,ADC,62,77.4%,5.9,9.6,455,65.3%,25.8,482,506,35.5%
Aomine,ADC,61,39.3%,3.8,9.7,431,59.6%,24.5,432,-320,26.2%
Baula,SUPPORT,61,55.7%,3.9,1.8,266,66.3%,7.6,131,31,19.7%
Deadly,ADC,61,68.9%,5,9.8,465,71.6%,29.1,515,404,21.3%
Kirei,JUNGLE,61,67.2%,3.4,5.2,358,69.3%,20.7,425,146,45.9%
Milica,MID,61,68.9%,4.8,9,424,63.4%,28.1,495,458,13.1%
Razork,JUNGLE,61,68.9%,3.8,5,335,68.4%,15.2,274,-14,31.1%
Th3Antonio,TOP,61,68.9%,3.1,7.5,371,55.5%,19.9,350,-68,13.1%
Yuuki,MID,61,32.8%,2.6,8.4,380,65.9%,26.2,455,-,0%
Armut,TOP,60,71.7%,3.7,8.1,408,58.6%,23.7,430,587,23.3%
Changhong,TOP,60,46.7%,2.4,7.5,369,59.4%,22.5,380,-,0%
Closer,JUNGLE,60,71.7%,4.5,4.7,335,71.0%,14.2,260,191,45%
Luci,SUPPORT,60,78.3%,4.1,1.4,271,68.4%,10.3,192,213,35%
Pilot,ADC,60,71.7%,6.1,9.8,451,67.9%,28.2,525,107,26.7%
Tay,TOP,60,56.7%,3.7,7.8,388,58.6%,21.4,367,68,25%
Zin,ADC,60,51.7%,4.4,8.8,417,54.4%,21.9,433,-337,15%
itzRenifer,ADC,60,33.3%,3.6,8.9,403,64.4%,28.8,503,-154,13.3%
Evi,TOP,59,81.4%,4.6,7.8,400,61.6%,25.8,485,198,20.3%
Gadget,ADC,59,64.4%,4.1,8.8,429,63.1%,26.4,484,338,20.3%
Gaeng,SUPPORT,59,81.4%,8,1.5,282,76.8%,9.1,174,307,32.2%
HuaTian,MID,59,32.2%,2.1,8.8,389,62.0%,24.5,432,-,0%
Leaky,TOP,59,32.2%,2,8,370,56.6%,24.4,404,-8,13.6%
SaNTaS,SUPPORT,59,64.4%,4.3,1.7,275,63.5%,9.0,170,149,18.6%
Steal,JUNGLE,59,81.4%,4.6,5.3,338,70.1%,13.2,251,-73,40.7%
Yutapon,ADC,59,81.4%,7.3,9.4,461,69.2%,27.9,539,527,27.1%
Zeyzal,SUPPORT,59,59.3%,3.9,1.6,261,67.3%,9.6,191,-77,18.6%
Ben4,JUNGLE,58,36.2%,2.7,4.9,331,68.4%,15.9,279,-,0%
Hani,TOP,58,53.4%,2.7,7.3,357,49.7%,18.1,313,-570,24.1%
Lies,TOP,58,39.7%,2.5,7.7,368,55.5%,23.1,401,-,0%
Nisqy,MID,58,60.3%,4,7.9,393,68.9%,23.7,465,59,22.4%
SkuLL,SUPPORT,58,32.8%,2.6,1.6,248,69.5%,9.4,155,-36,31%
bucu,MID,58,46.6%,2.5,8.2,380,56.2%,24.8,457,-175,25.9%
Acce,TOP,57,54.4%,3,8,373,51.0%,19.2,334,-172,10.5%
Babip,JUNGLE,57,63.2%,4.4,5,334,70.9%,12.0,216,143,28.1%
Destiny,SUPPORT,57,63.2%,6.3,1.5,267,73.3%,9.1,168,99,22.8%
Leza,MID,57,54.4%,3.4,9.3,421,63.0%,27.9,490,251,12.3%
Licorice,TOP,57,57.9%,3.1,8.2,392,56.4%,22.0,428,-37,12.3%
Smeb,TOP,57,31.6%,2.2,8.4,377,55.0%,24.5,389,-210,14%
Triple,MID,57,63.2%,4.2,8.9,413,67.0%,29.0,519,243,14%
k1ng,ADC,57,63.2%,5,9.7,460,67.1%,28.4,516,25,22.8%
Blaber,JUNGLE,56,66.1%,3.9,5.5,367,76.4%,18.4,384,392,46.4%
Candy,MID,56,48.2%,3.2,8.3,383,62.0%,26.3,436,-147,19.6%
Soligo,MID,56,53.6%,3.4,8.1,388,64.9%,26.3,512,-151,12.5%
Tolerant,SUPPORT,56,62.5%,3.2,1.3,256,63.7%,8.8,159,89,32.1%
Wiggily,JUNGLE,56,53.6%,2.9,4.9,318,68.8%,12.3,220,-57,42.9%
Alphari,TOP,55,49.1%,2.9,8.2,386,53.9%,24.4,419,187,18.2%
BalKhan,JUNGLE,55,69.1%,3.2,5.4,360,66.1%,15.2,313,325,36.4%
CaiPi,MID,55,34.5%,2.5,7.9,354,59.9%,23.6,401,-30,14.5%
Mimic,TOP,55,70.9%,4.3,7.6,398,52.2%,22.1,443,496,23.6%
Mithy,SUPPORT,55,49.1%,2.7,1.7,253,64.5%,8.5,146,57,29.1%
Nobody,ADC,55,52.7%,3.7,9.6,439,69.7%,31.5,554,-284,25.5%
Nukeduck,MID,55,49.1%,3.4,9,404,56.7%,24.9,429,33,14.5%
Patrik,ADC,55,49.1%,3.9,9.1,430,68.8%,29.3,499,-74,27.3%
Rogue,SUPPORT,55,70.9%,4.2,1.4,262,65.5%,7.8,155,87,18.2%
Ryoma,MID,55,70.9%,4.7,8.9,424,60.9%,25.8,514,138,20%
Selfie,MID,55,60%,3.6,9.5,434,61.5%,29.5,593,69,12.7%
Sneaky,ADC,55,60%,4.2,8.7,425,65.9%,29.0,588,-231,12.7%
Stixxay,ADC,55,54.5%,4,9.4,421,61.4%,26.1,473,-141,14.5%
Stunt,SUPPORT,55,58.2%,2.8,1.7,264,72.1%,9.3,193,-90,14.5%
Xiaoemo,ADC,55,32.7%,3.5,9.9,438,67.7%,27.1,473,251,29.1%
bluerzor,JUNGLE,55,56.4%,3.6,4.9,331,68.6%,13.8,269,100,41.8%
Deftly,ADC,54,53.7%,5.4,9.2,431,65.9%,26.8,556,305,22.2%
Newbie,SUPPORT,54,66.7%,5,1.6,262,70.3%,8.2,152,-3,24.1%
Parang,TOP,54,66.7%,3.4,8.5,414,60.9%,26.9,510,649,27.8%
Plugo,MID,54,66.7%,3.3,8,375,55.7%,24.9,462,-30,13%
PrettyGRE,MID,54,61.1%,5.1,8.4,394,64.2%,26.6,489,22,27.8%
Yado,MID,54,27.8%,2.6,8.7,396,61.9%,31.0,580,-279,16.7%
Biofrost,SUPPORT,53,50.9%,3.7,1.5,251,67.3%,8.6,147,37,18.9%
Cotopaco,MID,53,60.4%,3.3,8.1,380,61.2%,27.4,501,12,20.8%
HeaQ,ADC,53,47.2%,3.8,8.9,414,63.1%,26.1,470,-200,17%
Javaaa,ADC,53,50.9%,4.1,8.8,424,70.5%,27.9,504,-96,20.8%
Jejky,JUNGLE,53,66%,3.2,5.4,354,66.1%,15.6,297,444,45.3%
KEITH,ADC,53,73.6%,5.1,8.9,441,64.8%,28.0,566,526,20.8%
Lourlo,TOP,53,43.4%,4,8.1,377,56.7%,21.4,390,-232,18.9%
Panda,JUNGLE,53,43.4%,2.1,4.7,306,65.2%,12.9,234,-75,47.2%
PowerOfEvil,MID,53,50.9%,3.7,9.1,405,68.7%,30.0,508,-54,28.3%
Prismal,ADC,53,62.3%,4.1,8.9,424,70.4%,27.2,575,-553,15.1%
SolidSnake,JUNGLE,53,60.4%,4.2,5.3,339,68.8%,14.0,258,75,35.8%
Svenskeren,JUNGLE,53,62.3%,3.3,5,337,72.2%,15.2,306,208,34%
Vasked,SUPPORT,53,66%,3.1,1.4,252,66.1%,8.3,158,-81,26.4%
Acidy,TOP,52,69.2%,3.4,7,363,50.0%,20.0,421,32,9.6%
EasyLove,ADC,52,32.7%,2.6,9.6,423,54.5%,24.3,451,-59,15.4%
Effort,SUPPORT,52,76.9%,4.2,1.6,263,62.6%,6.9,123,-57,23.1%
Gemini,JUNGLE,52,46.2%,2.8,4.8,314,66.8%,14.5,249,-205,50%
Mystiques,SUPPORT,52,59.6%,3.2,1.3,264,67.2%,8.4,149,163,23.1%
Rawbin IV,JUNGLE,52,69.2%,4.5,5.3,371,73.7%,19.1,414,309,42.3%
Renyu,ADC,52,61.5%,4.7,9.4,441,69.3%,29.7,553,164,19.2%
Victory,MID,52,34.6%,2,8.5,388,63.8%,27.0,478,-319,17.3%
Abbedagge,MID,51,51%,3.3,8.8,402,60.1%,26.3,473,-235,15.7%
Ceos,SUPPORT,51,60.8%,4.2,1.5,254,73.5%,9.1,174,-50,31.4%
Comp,ADC,51,76.5%,7.1,9.9,479,64.2%,28.1,570,408,33.3%
Djoko,JUNGLE,51,76.5%,4.5,4.7,330,68.9%,14.4,289,309,45.1%
Eika,MID,51,76.5%,5.3,8.7,432,60.1%,25.8,528,524,27.5%
Freeze,ADC,51,56.9%,7.4,9.3,433,63.3%,28.5,542,-54,21.6%
GBM,MID,51,64.7%,4.3,7.7,392,66.0%,26.3,537,60,25.5%
IgNar,SUPPORT,51,51%,4.8,1.4,255,68.3%,8.0,141,-90,25.5%
Librid,MID,51,70.6%,4.1,7.9,396,61.1%,24.4,510,-39,17.6%
Odoamne,TOP,51,51%,2.5,7.7,372,53.1%,24.1,428,-88,13.7%
Paz,TOP,51,51%,3.4,8,386,58.1%,25.4,445,82,23.5%
Raven,TOP,51,51%,2.5,8.1,384,54.7%,23.7,459,234,27.5%
Steeelback,SUPPORT,51,76.5%,6.7,1.2,270,70.6%,6.6,136,147,35.3%
UpseT,ADC,51,51%,6.2,10.3,465,65.6%,28.9,527,109,23.5%
WSY,JUNGLE,51,33.3%,2.4,4.9,323,80.9%,16.2,283,50,51%
Zeicro,ADC,51,66.7%,4.2,9.2,429,65.2%,26.4,500,-15,23.5%
viviD,SUPPORT,51,51%,3.7,1.5,259,65.7%,9.1,156,61,27.5%
Ablazeolive,MID,50,60%,5.2,8.8,422,73.5%,29.6,595,181,22%
Ace,MID,50,52%,4.5,7.7,365,63.6%,21.1,363,-92,22%
Akaadian,JUNGLE,50,56%,3,5.2,332,69.2%,13.6,257,20,40%
Aria,MID,50,68%,6,8.8,410,65.4%,28.9,521,152,16%
Art,ADC,50,68%,7,9.9,458,71.8%,33.3,606,170,22%
Bolszak,JUNGLE,50,48%,3.2,5.2,337,68.5%,15.2,300,65,40%
Color,TOP,50,44%,2.2,7.7,351,46.4%,19.6,321,-416,20%
Divkid,ADC,50,36%,3.1,9.5,441,64.3%,27.1,495,37,20%
Frozen,MID,50,68%,6.4,8.3,407,66.6%,26.8,489,292,18%
Goldenglue,MID,50,70%,4,8.4,419,62.2%,25.1,552,324,24%
Kold,JUNGLE,50,50%,2.9,4.9,317,65.4%,12.8,223,-88,30%
Lamabear,JUNGLE,50,56%,4.6,5,332,68.5%,14.2,263,227,48%
Larssen,MID,50,60%,6.2,9.3,422,63.8%,26.7,466,331,26%
Orome,TOP,50,58%,3.9,8,390,54.0%,22.6,435,97,4%
Stomaged,JUNGLE,50,68%,4.6,5.2,342,68.1%,13.4,246,83,40%
Treatz,SUPPORT,50,60%,4.2,1.5,274,75.2%,8.8,178,-53,34%
VandeR,SUPPORT,50,54%,4.2,1.7,263,68.2%,8.0,142,272,30%
Wardain,TOP,50,56%,4.6,8.2,385,55.0%,19.1,351,278,16%
Wolf,SUPPORT,50,68%,4.6,1.6,278,73.3%,9.2,166,280,30%
Xico,MID,50,56%,3.4,9.2,422,66.8%,31.4,585,394,36%
Zeitnot,ADC,50,68%,6.2,9.6,462,71.0%,29.5,545,667,30%
Diamond,SUPPORT,49,71.4%,5,1.5,283,70.2%,9.0,197,321,24.5%
Fill,SUPPORT,49,46.9%,3.2,1.4,252,69.1%,9.6,180,-168,26.5%
Innaxe,ADC,49,65.3%,4.7,8.7,434,67.0%,25.8,496,-78,14.3%
Langx,TOP,49,67.3%,3.7,8.3,387,48.7%,18.7,324,-46,0%
Obsess,JUNGLE,49,67.3%,3.3,4.9,344,69.3%,14.3,300,-153,28.6%
Pobelter,MID,49,38.8%,3,8.9,389,64.9%,28.7,437,-29,20.4%
Tempt,MID,49,55.1%,5.3,8.7,392,66.5%,27.2,461,228,30.6%
Thal,TOP,49,42.9%,2.8,8.4,377,60.5%,22.8,346,-339,18.4%
V1PER,TOP,49,38.8%,2.9,8.7,383,60.0%,19.3,295,-212,24.5%
WildTurtle,ADC,49,38.8%,3.6,9.6,419,65.6%,29.1,452,-217,28.6%
Yusui,MID,49,46.9%,4.8,8.9,422,65.0%,27.4,529,208,26.5%
Yutorimoyashi,ADC,49,53.1%,5.6,9.8,445,64.1%,28.8,511,373,20.4%
hachamecha,JUNGLE,49,67.3%,3.8,5,317,60.6%,11.2,197,-239,22.4%
Arce,SUPPORT,48,58.3%,4.2,1.8,268,68.1%,8.8,159,126,18.8%
Bolulu,MID,48,70.8%,5,8.1,397,67.1%,22.7,449,304,22.9%
Ceros,MID,48,81.3%,5.1,8.1,375,60.1%,24.3,460,-56,16.7%
Chelizi,TOP,48,29.2%,2.5,8,365,54.7%,21.8,340,-,0%
Condi,JUNGLE,48,43.8%,3.3,4.6,317,72.1%,11.5,210,-,0%
Dasher,MID,48,54.2%,4.5,9.2,428,75.4%,35.4,634,630,29.2%
DudsTheBoy,ADC,48,60.4%,3.8,9.4,441,68.8%,29.7,586,213,27.1%
Enty,SUPPORT,48,54.2%,5.4,1.6,265,71.8%,9.6,175,90,25%
Keymaker,ADC,48,54.2%,4.4,9.1,411,63.6%,25.2,454,-138,18.8%
Liang,TOP,48,39.6%,2.4,7.9,371,59.1%,22.8,365,-141,18.8%
Lost,ADC,48,45.8%,5.1,9.2,424,66.9%,27.9,532,-47,22.9%
Madly,TOP,48,47.9%,1.9,7.3,361,47.8%,20.6,370,-253,10.4%
MakeItBetter,MID,48,60.4%,3.8,7.7,394,65.4%,25.8,522,27,14.6%
Olleh,SUPPORT,48,56.3%,2.8,1.7,267,66.3%,9.8,182,83,35.4%
Only,JUNGLE,48,70.8%,3.8,5.3,343,62.7%,13.7,259,144,33.3%
Prime,SUPPORT,48,54.2%,3.1,1.3,256,68.0%,8.6,149,-37,27.1%
Raes,ADC,48,70.8%,6.4,10,477,66.5%,28.4,543,804,20.8%
Saken,MID,48,52.1%,4.2,8.5,411,68.2%,25.1,462,596,29.2%
Santorin,JUNGLE,48,37.5%,4.2,5.1,315,77.2%,14.7,219,163,52.1%
Tussle,JUNGLE,48,54.2%,4,5.2,325,66.3%,11.3,203,142,39.6%
Wendelbo,SUPPORT,48,47.9%,2.5,1.2,251,72.5%,9.8,175,-62,18.8%
padden,ADC,48,47.9%,3.6,8.8,436,66.6%,27.1,496,10,20.8%
AnDa,JUNGLE,47,53.2%,3.5,4.9,325,68.9%,13.2,250,-6,25.5%
Defles,ADC,47,61.7%,5.3,9.7,436,66.1%,29.8,576,58,25.5%
Eyla,SUPPORT,47,70.2%,4.3,1.3,256,67.3%,10.6,189,2,27.7%
Finn,TOP,47,68.1%,3.8,7.8,391,60.7%,23.8,443,-340,17%
Japone,SUPPORT,47,66%,4.3,1.5,257,71.0%,9.3,165,102,38.3%
Josedeodo,JUNGLE,47,38.3%,3.6,4.7,306,66.6%,11.3,193,-15,48.9%
Levi,JUNGLE,47,63.8%,4.7,5.9,379,72.0%,20.3,395,764,34%
Ragner,TOP,47,48.9%,3,7.9,390,60.9%,24.9,432,291,12.8%
Shadow,SUPPORT,47,38.3%,3.3,1.5,256,64.8%,9.0,149,89,34%
XinMo,SUPPORT,47,57.4%,4.1,1.5,258,67.5%,8.0,151,-,0%
t4nky,JUNGLE,47,51.1%,3.6,5.3,338,71.8%,14.2,252,194,44.7%
BioPanther,TOP,46,30.4%,2.5,8,377,56.1%,24.4,420,83,13%
Cboi,JUNGLE,46,47.8%,2.4,4.9,314,71.2%,13.6,235,8,32.6%
Claire,MID,46,69.6%,3.5,8.7,419,63.3%,27.4,513,69,19.6%
Dread,MID,46,43.5%,3.2,8.3,407,66.1%,28.0,512,177,30.4%
Falco,SUPPORT,46,60.9%,3.6,1.4,260,70.9%,9.9,188,70,23.9%
Getback,MID,46,30.4%,2.2,7.7,365,61.7%,23.8,412,-173,26.1%
Hadow,SUPPORT,46,54.3%,3.2,1.4,250,69.4%,9.0,155,-15,19.6%
Insanity,MID,46,50%,3.2,8.1,383,62.0%,27.1,467,-231,15.2%
JayJ,SUPPORT,46,41.3%,2.3,1.3,240,68.3%,9.8,161,-31,21.7%
Jenkins,TOP,46,50%,2.7,7.8,372,54.7%,25.5,447,-11,17.4%
Kindless,ADC,46,28.3%,2.5,9.1,411,62.9%,31.4,559,-40,23.9%
Matt,SUPPORT,46,50%,3.1,1.4,248,66.0%,8.7,149,25,32.6%
QQ,JUNGLE,46,37%,2.2,5,317,73.8%,14.5,246,-50,37%
Ranger,JUNGLE,46,56.5%,3.8,5.6,351,68.9%,15.8,314,97,39.1%
Shemek,TOP,46,52.2%,4.2,7.1,363,51.2%,21.2,387,94,21.7%
Shmebu,SUPPORT,46,37%,2.3,1.3,259,66.4%,9.9,172,102,21.7%
Shoryu,ADC,46,50%,5.3,9,422,66.9%,27.0,476,40,32.6%
Skeanz,JUNGLE,46,52.2%,5.5,5.4,358,75.0%,17.6,328,544,47.8%
Tactical,ADC,46,65.2%,5.2,9.3,447,71.1%,27.3,575,47,30.4%
TopLop,MID,46,37%,2.7,8.3,375,61.3%,28.7,494,-154,13%
Trayton,SUPPORT,46,52.2%,2.9,1.3,257,64.6%,9.2,169,46,21.7%
Trymbi,SUPPORT,46,60.9%,4.5,0.8,258,74.4%,10.5,196,10,41.3%
Wondro,TOP,46,65.2%,3,8.7,427,55.1%,25.7,496,562,23.9%
ZionSpartan,TOP,46,58.7%,3.1,7.9,388,54.3%,22.2,411,498,30.4%
dyNquedo,MID,46,56.5%,4.1,8.3,393,57.1%,22.6,443,88,13%
ssumday,TOP,46,52.2%,3.7,9.2,433,53.0%,24.5,447,802,19.6%
Alternative,ADC,45,46.7%,3.1,9,420,70.9%,29.4,505,36,22.2%
Anyyy,MID,45,46.7%,3.4,8.7,394,60.6%,26.2,449,91,13.3%
Aslan,MID,45,37.8%,3.2,8.7,389,62.5%,30.7,536,-162,8.9%
Damage,SUPPORT,45,46.7%,2.4,1.6,259,61.7%,8.2,137,-164,24.4%
Duclou,TOP,45,37.8%,1.9,7.8,359,47.3%,21.3,366,-298,17.8%
Eren,MID,45,42.2%,2.5,8.4,389,61.0%,27.6,509,-89,24.4%
FakeGod,TOP,45,46.7%,2.4,7.6,369,51.8%,21.6,420,-273,15.6%
Fitz,TOP,45,46.7%,1.8,8.2,386,51.9%,23.2,393,-75,11.1%
Giyuu,MID,45,51.1%,3,8.6,402,62.5%,28.1,502,73,22.2%
Krastyel,MID,45,46.7%,3.2,8.5,388,63.9%,25.3,451,95,13.3%
Nixerino,ADC,45,53.3%,5.9,9.2,439,64.6%,22.3,396,165,26.7%
Noway,ADC,45,55.6%,5,9.8,448,62.7%,23.4,412,-75,13.3%
Raise,JUNGLE,45,46.7%,3.3,5.1,330,69.5%,15.6,278,-90,31.1%
Unknown,TOP,45,28.9%,2.2,8.5,375,48.7%,23.8,376,53,24.4%
WeiWei,JUNGLE,45,46.7%,2.8,4.8,328,70.6%,14.9,289,-,0%
pbO,ADC,45,37.8%,3.4,8.4,394,67.8%,25.0,438,-223,26.7%